images1/11.jpg;1001
images1/12.jpg;1001
images1/13.jpg;1001
images1/14.jpg;1001
images1/15.jpg;1001
images1/17.jpg;1001
images1/18.jpg;1001
images1/110.jpg;1001
images1/111.jpg;1001
images1/112.jpg;1001
images2/21.jpg;1001
images2/22.jpg;1001
images2/23.jpg;1001
images3/031.jpg;1001
images3/032.jpg;1001
images3/033.jpg;1001
images3/31.jpg;1001
images3/32.jpg;1001
images3/33.jpg;1001
images3/34.jpg;1001
images3/53.jpg;1001
images3/111.jpg;1001
images3/112.jpg;1001
images4/041.jpg;1001
images4/41.jpg;1001
images4/42.jpg;1001
images4/43.jpg;1001
images4/44.jpg;1001
images4/45.jpg;1001
images4/46.jpg;1001
images4/47.jpg;1001
images4/48.jpg;1001
images4/49.jpg;1001
images4/410.jpg;1001
images4/411.jpg;1001
images4/412.jpg;1001
images4/413.jpg;1001
images4/101.jpg;1001
images4/102.jpg;1001
images4/103.jpg;1001
images4/104.jpg;1001
images4/382.jpg;1001
images4/V.jpg;1001
images6/61.jpg;1001
images6/62.jpg;1001
images6/63.jpg;1001
images6/64.jpg;1001
images6/65.jpg;1001
images6/66.jpg;1001
images6/67.jpg;1001
images7/071.jpg;1001
images7/71.jpg;1001
images7/72.jpg;1001
images7/73.jpg;1001
images7/74.jpg;1001
images7/76.jpg;1001
images7/77.jpg;1001
images7/78.jpg;1001
images7/79.jpg;1001
images7/710.jpg;1001
images7/711.jpg;1001
images7/712.jpg;1001
images7/713.jpg;1001
images8/81.jpg;1001
images8/82.jpg;1001
images8/83.jpg;1001
images8/84.jpg;1001
images8/85.jpg;1001
images8/86.jpg;1001
images8/87.jpg;1001
images8/88.jpg;1001
images8/89.jpg;1001
images9/91.jpg;1001
images9/92.jpg;1001
images9/93.jpg;1001
images9/94.jpg;1001
images9/95.jpg;1001
images12/2.jpg;1001
images12/51.jpg;1001
images12/121.jpg;1001
images12/122.jpg;1001
images13/52.jpg;1001
images13/54.jpg;1001
images13/55.jpg;1001
images13/56.jpg;1001
images13/70.jpg;1001
images13/131.jpg;1001
images13/132.jpg;1001
images13/133.jpg;1001
